Data Series,TotalFertilityRate(PerFemale),15to19Years(PerThousandFemales),20to24Years(PerThousandFemales),25to29Years(PerThousandFemales),30to34Years(PerThousandFemales),35to39Years(PerThousandFemales),40to44Years(PerThousandFemales),45to49Years(PerThousandFemales),Chinese(PerFemale),Malays(PerFemale),Indians(PerFemale),GrossReproductionRate(PerFemale),NetReproductionRate(PerFemale),CrudeBirthRate(PerThousandResidents),TotalLivetoBirths(Number),ResidentLivetoBirths(Number),AllItems,Food,Clothing&Footwear,Housing&Utilities,HouseholdDurables&Services,HouseholdServices&Supplies,HealthCare,Transport,PrivateTransport,PublicTransport,OtherTransportServices,Communication,Recreation&Culture,Education,MiscellaneousGoods&Services,PersonalCare,AlcoholicDrinks&Tobacco,PersonalEffects,AllItemsLessImputedRentalsOnOwnertoOccupiedAccommodation,AllItemsLessAccommodation,TotalFemales,25to29Years,30to34Years,35to39Years,40to44Years,45to49Years,TotalFemalestoBelowSecondary,B.Secto25to29Years,B.Secto30to34Years,B.Secto35to39Years,B.Secto40to44Years,B.Secto45to49Years,TotalFemalestoSecondary,Sec25to29Years,Sec30to34Years,Sec35to39Years,Sec40to44Years,Sec45to49Years,TotalFemalestoPostSecondary(NontoTertiary),P.Sec25to29Years,P.Sec30to34Years,P.Sec35to39Years,P.Sec40to44Years,P.Sec45to49Years,TotalFemalestoDiploma&ProfessionalQualification,Diploma25to29Years,Diploma30to34Years,Diploma35to39Years,Diploma40to44Years,Diploma45to49Years,TotalFemalestoUniversity,University25to29Years,University30to34Years,University35to39Years,University40to44Years,University45to49Years,SingaporeResidents,0Year,1Year,2Year,3Year,4Year,5Year,6Year,7Year,8Year,9Year,10Year,11Year,12Year,13Year,14Year,15Year,16Year,17Year,18Year,19Year,20Year,21Year,22Year,23Year,24Year,25Year,26Year,27Year,28Year,29Year,30Year,31Year,32Year,33Year,34Year,35Year,36Year,37Year,38Year,39Year,40Year,41Year,42Year,43Year,44Year,45Year,46Year,47Year,48Year,49Year,50Year,51Year,52Year,53Year,54Year,55Year,56Year,57Year,58Year,59Year,60Year,61Year,62Year,63Year,64Year,65Year,66Year,67Year,68Year,69Year,70Year,71Year,72Year,73Year,74Year,75Year,76Year,77Year,78Year,79Year,80Year,81Year,82Year,83Year,84Year,85Year,86Year,87Year,88Year,89Year,65Years&Over,70Years&Over,75Years&Over,80Years&Over,85Years&Over,90Years&Over,MaleGeneralMarriageRate(Per1000UnmarriedResidentMalesOrFemalesAged15to49Years),15to19Years(Per1000UnmarriedResidentMales),20to24Years(Per1000UnmarriedResidentMales),25to29Years(Per1000UnmarriedResidentMales),30to34Years(Per1000UnmarriedResidentMales),35to39Years(Per1000UnmarriedResidentMales),40to44Years(Per1000UnmarriedResidentMales),45to49Years(Per1000UnmarriedResidentMales),50to54Years(Per1000UnmarriedResidentMales),55to59Years(Per1000UnmarriedResidentMales),60to64Years(Per1000UnmarriedResidentMales),65Years&Over(Per1000UnmarriedResidentMales),FemaleGeneralMarriageRate(Per1000UnmarriedResidentMalesOrFemalesAged15to49Years),15to19Years(Per1000UnmarriedResidentFemales),20to24Years(Per1000UnmarriedResidentFemales),25to29Years(Per1000UnmarriedResidentFemales),30to34Years(Per1000UnmarriedResidentFemales),35to39Years(Per1000UnmarriedResidentFemales),40to44Years(Per1000UnmarriedResidentFemales),45to49Years(Per1000UnmarriedResidentFemales),50to54Years(Per1000UnmarriedResidentFemales),55to59Years(Per1000UnmarriedResidentFemales),60to64Years(Per1000UnmarriedResidentFemales),65Years&Over(Per1000UnmarriedResidentFemales),CrudeMarriageRate(Per1000Residents)
2022,1.05,2.1,11.3,49.1,87.1,49.5,9.8,0.4,0.87,1.83,1.01,na,na,8,35724,32417,108.37,108.813,93.416,106.406,103.842,103.286,101.746,125.793,130.958,112.37,113.6,98.896,103.484,102.747,98.739,100.14,100.16,97.16,108.705,108.992,1606500,110300,156100,162400,179400,179300,369800,2200,4200,8300,11000,18500,271500,5300,10900,14100,20000,26600,147700,7900,9700,12200,10100,14600,265100,26300,32200,35500,43800,42700,552400,68500,99100,92400,94600,76900,"4,073,239","32,073","33,844","37,319","37,204","37,645","38,874","40,700","41,162","39,490","41,134","40,334","38,083","40,099","41,087","42,776","41,460","41,108","40,749","40,553","42,879","43,446","48,170","47,038","45,387","49,262","51,256","53,934","56,042","58,902","59,948","60,496","64,199","62,107","67,676","62,675","55,025","57,182","59,570","57,733","61,471","61,640","60,949","59,884","59,861","57,537","60,965","58,639","59,117","61,591","64,005","61,668","60,268","56,670","56,306","58,072","57,911","60,812","59,882","61,357","59,873","58,756","58,595","58,028","57,190","55,438","54,426","51,968","49,346","47,904","44,286","41,588","38,742","38,347","36,268","33,639","32,610","21,370","16,222","19,460","16,130","15,585","17,265","16,142","14,669","11,276","8,731","8,252","8,485","6,930","5,550","678,133","430,203","241,619","135,827","60,890","22,942",45.3,0.3,8.6,72.2,120.6,81,47.8,27,16.1,11.3,7.1,2.9,44.2,1.1,18.8,100.9,106.4,49,19.2,9.5,6.8,2.8,1.7,0.3,6.5
2021,1.12,2.2,11.7,53.4,92.9,53.6,10.2,0.3,0.96,1.82,1.05,0.54,0.54,8.6,38672,34183,102.119,103.326,90.845,101.1,101.766,101.894,99.579,108.055,109.898,104.895,100.839,100.095,99.228,100.633,98.282,98.496,98.947,96.432,102.128,102.197,1547300,129200,170600,160300,161400,154500,362700,2800,4300,5800,9700,16400,281300,5700,10900,15400,18800,29100,130000,8800,12100,11100,10600,13000,239000,28500,35000,34400,37100,32700,534200,83500,108400,93600,85100,63300,"3,986,842","31,611","36,172","36,092","36,644","37,916","39,696","40,256","38,767","40,395","39,646","37,513","39,485","40,383","42,046","40,566","40,280","39,954","39,564","42,068","43,047","47,963","46,755","44,834","48,338","49,830","51,948","53,792","56,547","57,514","58,236","61,866","60,002","65,456","60,559","53,177","55,400","57,756","56,128","59,856","60,081","59,496","58,569","58,580","56,334","59,791","57,552","58,103","60,627","63,013","60,830","59,488","55,994","55,655","57,517","57,308","60,146","59,354","60,883","59,501","58,342","58,272","57,701","57,013","55,327","54,299","51,876","49,377","47,946","44,429","41,763","38,931","38,621","36,635","34,026","33,113","21,754","16,549","19,950","16,576","16,149","17,915","16,836","15,514","11,942","9,348","8,952","9,291","7,661","6,323","5,441","639,008","403,617","222,291","131,313","59,758","22,090",35.7,0.4,7.9,59.1,97.3,65,36.9,23.2,14.9,9.5,6,2.6,34.9,1.2,16.7,79.9,81.6,39.9,17.3,9.1,5.6,2.6,1.3,0.2,5.2
2020,1.1,2.3,12.7,54.6,90.8,49,9.5,0.5,0.94,1.82,0.96,0.53,0.53,8.5,38590,34233,99.818,101.862,96.16,99.714,100.285,100.507,98.463,99.27,98.641,103.075,96.935,100.681,98.21,99.37,98.823,99.947,99.024,94.88,99.683,99.657,1564900,140200,155800,158600,159100,160700,433400,3900,6600,10300,13800,22500,269300,7400,11000,15300,18500,27800,138800,10900,11300,11900,11800,17500,226700,31000,32200,33500,36300,32200,496600,86900,94600,87600,78600,60700,"4,044,210","33,434","35,585","36,387","37,823","39,847","40,464","39,002","40,966","40,230","38,075","40,154","41,149","42,817","41,273","41,000","40,775","40,367","42,412","43,232","48,448","47,492","45,740","49,102","50,210","51,993","53,526","56,169","57,135","58,174","61,993","60,338","66,176","61,327","53,850","56,107","58,702","57,119","61,119","61,494","61,081","60,080","60,227","58,093","61,660","59,231","59,925","62,527","64,961","62,836","61,491","57,874","57,508","59,381","59,138","62,167","61,316","62,966","61,377","60,069","60,102","59,469","58,696","57,023","55,948","53,490","50,893","49,409","45,852","43,078","40,164","39,934","37,916","35,297","34,247","22,614","17,196","20,753","17,302","16,902","18,837","17,766","16,424","12,695","9,990","9,638","10,131","8,362","6,986","6,073","5,034","614,368","384,972","214,964","123,974","57,461","20,875",40.7,0.5,7.9,65.8,109.8,90.3,53.4,33.1,20.6,15.8,11.4,4.1,37.9,1.2,16.4,88.6,95.5,46.8,21.4,11,6.5,3.4,1.5,0.3,5.9
2019,1.14,2.5,12.7,59.4,92.4,50.1,9.9,0.4,0.99,1.8,0.98,0.56,0.56,8.8,39279,35330,100,100,100,100,100,100,100,100,100,100,100,100,100,100,100,100,100,100,100,100,1527800,125700,143700,160000,163300,166600,426500,4000,6200,9500,16200,22700,282800,8000,12000,17400,22400,31800,122400,8400,10900,10400,11200,17600,225700,28000,30700,34300,35500,33200,470500,77400,83800,88300,78000,61200,"4,026,209","32,967","35,454","37,267","39,428","40,239","38,675","40,817","40,079","38,047","40,157","41,315","42,981","41,510","41,233","40,887","40,669","42,557","43,128","48,341","47,527","45,880","49,141","50,013","51,433","52,612","54,848","55,958","56,940","60,921","59,527","65,537","60,724","53,182","55,603","58,400","56,905","60,997","61,516","61,159","60,241","60,509","58,334","61,968","59,620","60,332","62,896","65,365","63,186","61,900","58,335","57,863","59,799","59,594","62,673","61,753","63,544","61,963","60,573","60,659","60,020","59,265","57,566","56,532","54,033","51,432","49,966","46,445","43,621","40,724","40,540","38,506","35,932","34,933","23,130","17,626","21,317","17,819","17,443","19,504","18,517","17,200","13,378","10,599","10,263","10,853","9,032","7,637","6,704","5,593","4,969","581,680","360,384","210,257","115,657","53,364","19,429",43.3,0.3,9,74.6,120.3,91.7,52.3,33.3,22.2,15.9,10.7,3.8,40.8,1.2,18.4,99.8,100,48,22,12.1,6.3,2.8,1.5,0.2,6.4
2018,1.14,2.5,14.4,60.6,92.9,48.4,8.8,0.5,0.98,1.85,1,0.56,0.55,8.8,39039,35040,99.438,98.498,100.777,101.003,99.227,98.555,98.905,99.235,99.68,97.584,99.261,100.924,98.948,97.661,99.635,99.298,99.57,100.58,99.098,99.067,1500500,130100,138900,161600,161600,162100,441500,4800,7300,10700,16300,27000,285600,10000,13500,17200,23700,35900,117600,10100,10300,10000,11900,16500,215400,29200,28700,37300,36200,29600,440400,76000,79000,86300,73500,53200,"3,994,283","32,664","36,123","38,787","39,727","38,227","40,338","39,717","37,865","39,996","41,150","42,912","41,406","41,060","40,808","40,344","42,479","43,014","47,986","47,258","45,783","49,185","49,961","50,987","51,758","53,625","54,602","55,345","59,374","58,092","64,218","59,750","52,459","54,948","57,809","56,431","60,668","61,266","61,025","60,243","60,518","58,334","62,114","59,650","60,449","63,093","65,570","63,406","62,097","58,577","58,188","60,076","59,890","63,018","62,091","63,890","62,386","60,982","61,000","60,376","59,646","57,982","56,925","54,506","51,866","50,409","46,868","44,043","41,162","41,040","38,988","36,520","35,584","23,585","18,057","21,800","18,248","17,911","20,150","19,219","17,799","13,998","11,113","10,816","11,542","9,634","8,254","7,257","6,152","5,504","4,824","547,854","335,753","200,207","106,880","49,777","17,786",45.7,0.4,9.3,81.7,130.1,90.9,59.8,37.1,24.4,16.1,10.6,3.9,42.8,1.5,19.8,108.8,101.6,51.2,22.4,12,5.6,2.9,1.3,0.2,6.6
2017,1.16,2.6,15.1,62.2,93.3,48.6,9,0.5,1.01,1.82,1,0.56,0.56,8.9,39615,35444,99.004,97.104,99.345,102.372,98.45,97.125,96.924,99.756,100.279,98.612,97.779,101.951,97.781,94.924,98.67,99.423,94.8,101.139,97.85,97.742,1482600,124000,140000,161400,165200,162600,464700,4200,6800,11600,19100,28100,271900,9400,13200,19700,27700,35400,118200,8400,9800,11100,13900,17300,207300,29700,28600,34400,35500,30400,420500,72200,81500,84600,68900,51400,"3,965,796","33,374","37,714","39,002","37,738","39,825","39,291","37,574","39,756","41,068","42,886","41,480","41,125","40,866","40,420","42,362","43,100","47,988","47,144","45,663","49,078","49,982","51,002","51,534","53,056","53,498","53,986","57,887","56,782","62,843","58,700","51,609","54,228","57,228","55,949","60,326","61,047","60,864","60,143","60,537","58,365","62,251","59,723","60,591","63,218","65,701","63,668","62,324","58,744","58,402","60,319","60,219","63,296","62,380","64,205","62,714","61,276","61,336","60,745","59,988","58,333","57,339","54,871","52,319","50,862","47,260","44,489","41,568","41,445","39,440","37,027","36,127","23,995","18,428","22,279","18,665","18,403","20,707","19,863","18,442","14,538","11,642","11,366","12,214","10,232","8,887","7,862","6,728","6,036","5,389","4,466","516,692","312,723","193,229","101,276","46,935","16,454",44.4,0.4,9.2,78.2,131.2,88.8,58.3,35.5,21.4,14.5,12.5,4,41.6,1.7,19.9,106.8,105.8,48.9,21.3,11.7,5.5,2.4,1.4,0.2,6.6
2016,1.2,2.7,17,65.8,96.2,49.7,8.8,0.3,1.07,1.8,1.04,0.58,0.58,9.4,41251,36875,98.436,95.759,98.744,105.034,97.419,94.911,94.566,97.228,96.197,100.807,97.781,101.387,97.462,92.145,98.53,100.405,94.528,98.802,96.202,95.971,1460600,130700,142300,150700,160300,156500,469900,5100,7800,12600,20700,31900,281800,10400,14300,18500,30600,37800,110600,9400,8600,9400,13400,17400,199700,28900,31500,33600,33600,25500,398700,76900,80200,76600,62100,43800,"3,933,559","34,640","37,740","36,905","39,141","38,734","37,071","39,391","40,893","42,721","41,433","41,078","40,810","40,324","42,373","42,910","48,025","47,124","45,567","49,067","49,988","51,111","51,652","52,752","52,673","52,666","56,188","55,031","61,112","57,195","50,462","53,204","56,530","55,306","59,811","60,693","60,675","60,044","60,522","58,416","62,341","59,810","60,665","63,367","65,813","63,790","62,487","58,992","58,594","60,596","60,514","63,657","62,675","64,597","63,039","61,630","61,714","61,151","60,295","58,680","57,751","55,254","52,720","51,278","47,695","44,906","42,023","41,908","39,897","37,493","36,699","24,362","18,785","22,706","19,089","18,854","21,238","20,456","19,056","15,079","12,126","11,869","12,849","10,863","9,511","8,464","7,300","6,647","5,933","4,998","4,208","487,570","289,550","185,754","97,799","44,243","15,157",44.2,0.6,10.1,76.4,132.5,90.6,54.6,36.3,23.4,17.3,12.5,4,41.1,1.7,20.9,107.2,106.5,48.2,21.1,10.4,6.7,2.6,1.3,0.2,6.7
2015,1.24,2.7,18.7,68.7,98.5,49.9,8.9,0.4,1.1,1.79,1.15,0.6,0.6,9.7,42185,37861,98.963,93.833,98.528,109.499,95.689,92.38,93.56,99.62,99.222,100.906,100.085,101.766,96.573,89.395,98.284,100.359,94.347,97.443,95.944,95.658,1434900,121700,143100,159700,164100,154900,454900,4900,7700,12000,20600,32500,291800,10600,16500,22900,31900,40300,113200,9000,9800,11700,16300,17900,200200,30000,32400,35300,34500,25100,374800,67200,76800,77700,60800,39100,"3,902,690","34,559","35,919","38,394","38,108","36,595","38,878","40,551","42,589","41,338","41,096","40,813","40,316","42,360","42,993","47,906","47,181","45,547","49,005","49,987","51,182","51,683","52,925","52,445","52,013","55,061","53,813","59,717","55,903","49,340","52,257","55,717","54,762","59,378","60,328","60,434","59,899","60,485","58,359","62,443","59,881","60,833","63,483","65,902","63,942","62,595","59,147","58,817","60,799","60,722","63,928","63,010","64,879","63,350","61,899","61,953","61,523","60,709","59,023","58,126","55,682","53,107","51,637","48,063","45,291","42,395","42,339","40,266","37,914","37,179","24,727","19,074","23,113","19,408","19,277","21,759","21,031","19,593","15,605","12,601","12,381","13,457","11,424","10,054","9,013","7,837","7,181","6,493","5,505","4,687","3,628","459,715","277,290","174,659","93,448","41,663","14,169",44.4,0.5,10.7,77,127.2,89.1,61,35.7,26.6,17.6,12.4,3.9,40.8,1.7,22.3,103.8,105.3,44.3,19.5,11.7,5.4,2.8,1,0.1,6.8
2014,1.25,3.3,19.5,71.1,99.3,48.3,8.3,0.3,1.13,1.73,1.13,0.61,0.6,9.8,42232,37967,99.483,92.059,98.468,113.517,96.275,93.599,93.64,101.073,101.431,98.876,103.285,101.426,96.255,86.422,98.327,100.754,93.399,98.66,95.875,95.566,1422700,118600,147600,148700,158300,154000,468700,4400,9200,12600,23100,35000,285500,11100,14800,20000,30500,41100,107800,8400,10300,10000,15200,15200,198200,27600,35100,35600,32700,24400,362400,67100,78200,70500,56900,38300,"3,870,739","32,782","37,271","37,098","35,890","38,328","40,150","42,433","41,285","41,068","40,854","40,388","42,391","43,009","47,955","47,053","45,629","48,993","49,904","51,112","51,699","52,952","52,494","51,746","54,216","52,510","58,016","54,201","47,884","50,876","54,682","53,933","58,699","59,815","60,177","59,663","60,336","58,331","62,419","59,931","61,012","63,618","66,062","64,184","62,811","59,348","59,055","60,973","60,959","64,217","63,329","65,309","63,745","62,247","62,305","61,897","61,067","59,397","58,443","56,007","53,478","52,011","48,388","45,622","42,734","42,747","40,723","38,370","37,661","25,067","19,377","23,491","19,787","19,663","22,290","21,584","20,177","16,085","13,037","12,927","14,068","11,985","10,648","9,569","8,401","7,815","7,045","5,999","5,161","4,037","3,244","431,601","270,403","163,588","87,294","38,876","13,390",40.5,0.6,10.9,71.5,109.9,86.2,56,36,26.8,16.1,11.9,4.1,36.9,2.2,21.3,97.4,89.2,44.6,19.4,10.2,5.2,2.7,0.9,0.2,6.3
2013,1.19,3.8,19.7,70.5,90.2,44.7,8,0.3,1.05,1.66,1.11,0.57,0.57,9.3,39720,35681,98.474,89.456,99.267,113.388,94.608,91.633,91.117,102.32,103.486,96.902,102.122,101.619,94.593,83.568,97.168,101.097,88.162,98.529,94.717,94.421,1391400,118100,145700,156100,162800,159600,472700,5900,7900,16100,25700,42700,280600,11600,17800,22200,34800,45700,104700,9300,8800,10400,17200,14600,183400,27400,32100,35200,30800,22800,350000,63900,79100,72200,54400,33800,"3,844,751","33,912","36,304","35,313","37,847","39,919","42,183","41,212","41,077","40,844","40,388","42,524","43,040","48,016","47,098","45,566","49,127","50,002","51,158","51,752","53,027","52,605","51,844","54,011","51,785","56,644","52,790","46,571","49,624","53,515","53,115","57,984","59,374","59,911","59,393","60,208","58,299","62,510","59,994","61,035","63,665","66,265","64,422","62,993","59,603","59,298","61,310","61,196","64,553","63,652","65,625","64,122","62,637","62,603","62,277","61,349","59,712","58,824","56,314","53,863","52,356","48,778","46,040","43,055","43,126","41,155","38,787","38,130","25,412","19,630","23,858","20,129","20,068","22,763","22,093","20,693","16,545","13,452","13,379","14,676","12,567","11,196","10,140","8,940","8,346","7,577","6,498","5,654","4,434","3,601","3,048","404,437","258,620","152,874","82,255","36,056","12,821",43.8,0.6,12.2,77.8,117.8,96.5,65.2,39.8,27,21,15.6,5.1,39.4,2.3,24.4,106.7,96.2,43.2,21,10.5,5.7,2.7,1.3,0.2,6.7
2012,1.29,4.3,22.2,76.7,99.5,46.3,8,0.3,1.18,1.69,1.15,0.62,0.62,10.1,42663,38641,96.205,87.608,98.948,110.25,90.192,85.915,87.786,100.017,100.734,96.549,98.958,103.061,93.536,80.478,95.396,99.976,87.733,98.739,92.995,92.662,1367300,115800,145200,159400,162900,161400,480100,5200,8800,19400,26600,46100,281900,12300,18200,25300,39600,48700,107300,9600,9600,12700,16900,17600,177300,28500,33100,33300,29400,20500,320700,60200,75400,68700,50500,28600,"3,818,205","33,237","34,602","37,217","39,509","42,108","41,166","41,091","41,011","40,457","42,599","43,157","48,131","47,236","45,670","49,126","50,184","51,307","51,830","52,994","52,546","51,894","54,074","51,321","55,756","51,461","45,178","48,298","52,070","52,080","56,956","58,654","59,450","59,146","59,863","58,283","62,454","60,061","61,185","63,813","66,457","64,578","63,171","59,858","59,601","61,615","61,505","64,870","64,046","66,015","64,489","63,029","63,020","62,595","61,742","59,990","59,203","56,643","54,217","52,675","49,079","46,381","43,389","43,497","41,541","39,188","38,555","25,702","19,924","24,208","20,490","20,417","23,246","22,584","21,200","16,967","13,855","13,848","15,218","13,081","11,673","10,645","9,478","8,888","8,113","6,991","6,144","4,891","4,013","3,436","3,019","378,636","249,757","145,343","77,668","33,553","12,050",43.5,0.7,11.1,79.6,117.9,89.2,58.5,41.2,30.1,23.3,17.5,4.2,39.2,2.4,23.5,108,96,42.4,20.7,10.2,6.1,2.3,1.3,0.1,6.7
2011,1.2,4.7,22.4,73.4,89.5,42.4,7.2,0.3,1.08,1.64,1.09,0.58,0.58,9.5,39654,36178,91.995,85.618,97.502,101.694,88.076,83.141,84.119,93.402,93.548,92.123,95.916,103.159,92.588,77.339,94.393,99.63,87.163,98.98,89.73,89.561,1352400,120000,149700,159800,158900,161500,491000,7000,12300,19900,31000,50800,285100,14000,19000,27800,40900,48300,102900,8600,10100,15700,17200,16200,166100,29200,33400,31300,24700,18600,307300,61200,74900,65200,45100,27700,"3,789,251","31,172","35,916","38,662","41,662","40,837","40,922","40,932","40,447","42,593","43,225","48,205","47,256","45,716","49,227","50,132","51,439","51,939","53,053","52,511","51,796","53,958","51,256","55,265","50,591","43,999","47,128","50,941","50,874","55,912","57,751","58,809","58,795","59,548","58,072","62,331","60,088","61,069","63,839","66,522","64,643","63,290","59,980","59,778","61,836","61,730","65,165","64,244","66,359","64,825","63,398","63,392","62,976","62,010","60,319","59,433","56,983","54,552","53,032","49,402","46,709","43,735","43,904","41,940","39,604","38,977","26,049","20,180","24,530","20,823","20,814","23,664","23,076","21,684","17,393","14,256","14,256","15,715","13,580","12,206","11,152","9,984","9,395","8,662","7,477","6,627","5,322","4,418","3,795","3,392","2,829","352,645","240,249","140,176","73,267","31,122","11,366",39.3,0.7,11.7,71.8,102.7,77.9,52.1,36.7,23.8,19.8,12.8,2.9,35.3,2.8,22.6,99,81,36.3,16.2,10.4,5.5,2.2,0.9,0.2,6.1
2010,1.15,4.8,23.3,68.1,86,42.2,6.1,0.3,1.02,1.65,1.13,0.56,0.55,9.3,37967,35129,87.408,83.085,97.37,93.299,82.745,76.149,82.17,83.459,81.365,91.237,91.567,104.736,93.926,74.663,93.523,98.598,86.306,99.248,86.101,85.923,1333600,131200,152600,164500,155400,160300,499600,7300,12600,23300,35300,54300,268300,14800,20200,29200,40300,49300,112600,12000,12700,18900,18000,15600,165100,32400,34900,32800,23800,16700,288100,64700,72100,60400,38000,24400,"3,771,721","32,788","38,350","41,562","40,869","40,863","40,915","40,472","42,698","43,291","48,299","47,465","45,821","49,364","50,216","51,436","52,026","53,232","52,582","51,878","54,032","51,293","55,333","50,380","43,546","46,638","50,448","50,518","55,591","57,471","58,611","58,714","59,486","58,067","62,374","60,046","61,169","63,923","66,634","64,796","63,502","60,194","59,921","62,055","61,946","65,325","64,448","66,596","65,087","63,652","63,676","63,241","62,271","60,582","59,684","57,266","54,824","53,280","49,672","46,930","43,990","44,195","42,197","39,968","39,349","26,286","20,377","24,834","21,110","21,131","24,059","23,478","22,146","17,798","14,556","14,640","16,263","14,077","12,700","11,682","10,456","9,913","9,172","7,978","7,074","5,702","4,794","4,171","3,753","3,171","2,592","338,387","226,876","134,258","69,080","29,241","10,760",43.4,0.8,12.7,79.5,112.1,92,55.9,40.6,26.5,20.7,14.7,4.5,38.9,2.6,26.9,108.5,88.2,39.2,17.3,10.1,5.5,2.7,1,0.1,6.6
2009,1.22,5,25.4,74.2,90.1,42.6,7,0.3,1.08,1.82,1.14,0.59,0.59,9.9,39570,36925,85.008,81.972,96.839,91.254,81.896,75.028,80.712,75.663,71.572,91.517,88.678,107.123,93.026,72.206,92.913,98.005,85.911,98.133,83.387,83.176,1312000,124400,148500,168700,157800,160600,518900,8100,14900,28700,41200,57700,304800,18700,28000,40600,50500,54400,72800,5200,5800,11800,11000,13300,149100,32000,30200,30400,21800,14000,266400,60400,69500,57100,33300,21200,"3,733,876","35,145","41,023","40,480","40,522","40,618","40,130","42,534","43,199","48,195","47,377","45,779","49,336","50,188","51,406","51,919","53,203","52,613","51,869","53,966","51,124","55,084","49,813","42,556","45,288","49,012","49,189","54,295","55,965","57,310","57,549","58,492","57,151","61,530","59,390","60,677","63,404","66,309","64,452","63,168","59,978","59,698","61,803","61,834","65,242","64,406","66,602","65,066","63,686","63,731","63,412","62,639","61,200","60,283","57,804","55,457","53,876","49,957","47,252","44,325","44,537","42,554","40,263","39,680","26,544","20,655","25,141","21,350","21,429","24,485","23,853","22,567","18,148","14,910","15,029","16,774","14,608","13,207","12,172","11,018","10,485","9,766","8,518","7,543","6,147","5,169","4,504","4,098","3,546","2,881","2,540","330,132","213,874","126,446","64,956","27,813","10,244",43.5,0.9,14.4,83,111.8,84.9,58.5,37,25,22,13.1,3.7,39.6,3.1,30.9,114.5,79.8,38.8,18.7,9.6,4.3,2.3,1,0.2,6.5
2008,1.28,6.1,29.1,78.9,94.6,41.5,6.6,0.2,1.14,1.91,1.19,0.62,0.62,10.2,39826,37277,84.504,80.154,95.943,89.48,81,73.792,79.275,78.081,74.148,92.708,99.11,106.864,94.215,71.667,92.64,97.622,85.422,98.702,83.746,83.623,1263700,121100,146900,159800,161100,155900,497600,7700,14600,25800,45000,56100,307700,19700,29200,43400,52400,54300,71600,6100,6100,11800,13100,11800,140500,32100,32300,27100,18400,12800,246300,55500,64700,51700,32200,21000,"3,642,659","37,444","38,819","39,133","39,386","39,107","41,610","42,423","47,585","46,780","45,224","48,864","49,675","50,888","51,549","52,820","52,341","51,615","53,557","50,746","54,597","49,102","41,423","43,352","45,971","45,537","50,240","51,529","53,072","53,479","54,794","54,118","58,616","56,870","58,541","61,672","64,606","62,937","61,949","58,940","58,811","61,075","61,296","64,753","64,009","66,230","64,807","63,567","63,699","63,323","62,682","61,232","60,432","57,911","55,611","54,003","50,109","47,386","44,450","44,711","42,700","40,496","39,935","26,685","20,744","25,301","21,577","21,689","24,789","24,204","22,926","18,460","15,197","15,395","17,194","15,061","13,673","12,637","11,452","10,951","10,288","8,938","7,953","6,561","5,537","4,893","4,506","3,906","3,198","2,836","2,288","315,790","200,605","119,298","60,297","26,415","9,681",43.5,0.9,15.9,82,112.7,83.7,55.9,38.6,25,22.8,14.6,3.2,40.1,3.8,34,111.5,84.2,39.7,18.3,9,4.4,1.5,0.7,0.2,6.4
2007,1.29,6.1,31.2,78.7,94.4,41.5,6.4,0.2,1.14,1.94,1.25,0.62,0.62,10.3,39490,37074,79.251,74.401,94.547,77.819,79.154,72.195,75.18,74.974,71.746,87.774,89.011,106.682,90.804,68.469,90.848,95.585,83.673,97.678,na,79.332,1269600,124000,152100,155500,161200,165000,538700,11100,18000,29100,50200,66500,297800,21600,31300,43300,53700,57600,75300,6700,9100,12800,11900,12900,131500,32100,31300,24900,17300,11400,226300,52500,62500,45400,28100,16600,"3,583,082","35,770","38,543","39,047","38,895","41,371","42,138","47,233","46,605","44,997","48,568","49,445","50,528","51,120","52,437","51,762","51,194","53,141","50,306","54,059","48,598","40,797","42,461","44,330","43,263","47,634","48,967","50,386","50,847","52,352","51,971","56,990","55,545","57,288","60,728","63,902","62,348","61,544","58,580","58,611","60,890","61,242","64,691","64,006","66,234","64,876","63,708","63,860","63,524","62,928","61,532","60,666","58,168","55,869","54,243","50,274","47,668","44,713","44,917","42,970","40,715","40,247","26,883","20,964","25,588","21,819","21,950","25,137","24,561","23,308","18,801","15,511","15,791","17,700","15,517","14,112","13,141","11,921","11,429","10,809","9,432","8,400","6,967","5,968","5,277","4,907","4,299","3,548","3,163","2,570","2,343","305,586","191,829","113,198","56,466","24,947","9,024",43.7,1,16.7,84.4,108.3,84.8,48.4,37.8,28.2,19.3,16.1,4.3,40,3.9,37.4,110.4,78.9,33.5,17.5,8.3,4.3,2.2,0.8,0.2,6.5
2006,1.28,6.6,30.6,79.6,93.1,38.7,6.4,0.2,1.11,2.02,1.27,0.62,0.61,10.3,38317,36272,77.617,72.261,93.919,77.639,78.856,71.432,72.256,73.105,70.347,84.579,86.718,105.858,88.076,66.652,88.857,94.039,81.763,95.631,na,77.572,1244600,124700,151100,153900,162500,160800,543900,11000,20900,31400,54800,68300,291600,22500,35400,45200,52700,54100,74000,6500,9500,14200,12400,11700,122400,31900,28800,21900,15400,10200,212700,52800,56500,41200,27300,16400,"3,525,894","35,563","38,179","38,227","40,843","41,667","46,577","46,223","44,763","48,384","49,257","50,462","51,033","52,316","51,630","51,041","53,145","50,294","54,043","48,514","40,551","41,959","43,581","41,820","45,616","46,655","48,084","48,611","50,059","49,910","54,995","53,915","55,774","59,382","62,794","61,386","60,716","57,928","58,081","60,475","61,003","64,518","63,814","66,154","64,770","63,761","63,819","63,600","63,043","61,578","60,818","58,245","56,055","54,435","50,454","47,805","44,908","45,115","43,165","40,962","40,451","27,076","21,112","25,825","22,020","22,209","25,417","24,880","23,675","19,095","15,770","16,140","18,137","15,963","14,515","13,562","12,375","11,930","11,309","9,915","8,884","7,420","6,350","5,676","5,318","4,679","3,902","3,550","2,897","2,650","2,207","294,726","185,889","107,572","53,159","23,716","8,510",43.8,1,17.4,85.3,106.1,78.1,54.8,39.2,30.1,21.6,13.5,4.8,39,4.6,38.5,114.1,70.6,32.1,15,9.1,4.3,2.1,1.1,0.1,6.4
2005,1.26,7.2,32.5,80.7,89.2,36.8,6.2,0.2,1.1,2.03,1.29,0.61,0.61,10.2,37492,35528,76.877,71.159,93.224,75.17,79.355,72.048,71.616,74.312,73.005,81.861,87.385,106.886,88.643,64.622,86.721,93.555,79.441,92.845,na,76.803,1190900,123800,151700,156500,157700,149700,524400,11700,22700,37100,54300,65500,256800,20300,31100,42400,48100,46100,102800,10300,17500,19200,17700,15600,126400,32800,30900,23400,15200,10500,180500,48800,49400,34400,22400,11900,"3,467,814","35,003","37,296","40,102","41,046","46,082","45,621","44,246","48,078","49,014","50,278","50,859","52,211","51,586","50,926","52,971","50,280","54,019","48,480","40,478","41,664","42,965","40,828","44,153","44,757","46,248","46,659","48,047","48,010","52,938","52,145","54,136","57,860","61,430","60,196","59,792","57,137","57,383","59,900","60,549","64,184","63,532","65,926","64,674","63,597","63,743","63,612","63,065","61,639","60,883","58,347","56,157","54,595","50,524","47,932","44,960","45,272","43,399","41,215","40,684","27,233","21,215","26,014","22,236","22,438","25,672","25,228","23,967","19,381","16,060","16,452","18,511","16,340","14,930","13,979","12,785","12,377","11,775","10,322","9,296","7,831","6,761","6,050","5,757","5,060","4,251","3,899","3,178","2,950","2,499","1,988","279,693","178,605","102,060","50,459","22,580","8,066",44,1.1,19,85.9,108.2,80.4,48.9,31.4,27.4,18.2,10.4,3,41.2,5,43.3,111.2,75.9,34.1,16.4,8.9,4.1,2.2,0.6,0.2,6.3
2004,1.26,6.6,32.2,80.6,89.9,35.6,6.3,0.2,1.09,2.07,1.34,0.61,0.6,10.3,37174,35135,76.518,70.255,93.098,74.232,81.859,75.682,71.255,76.202,75.89,81.102,89.349,108.12,87.616,62.626,83.053,93.205,70.326,95.043,na,76.378,1175300,121500,148300,150800,159500,150400,551400,13300,27100,39200,62200,69900,270900,23800,37000,48100,51500,46700,73400,6800,13000,13100,11300,12600,106900,30700,26900,18200,11800,8000,172800,47000,44300,32200,22700,13300,"3,413,266","34,434","39,270","40,392","45,593","45,130","43,657","47,511","48,711","50,004","50,634","52,049","51,452","50,786","52,858","50,138","54,014","48,521","40,488","41,606","42,788","40,229","42,785","42,966","44,372","44,865","46,394","46,319","51,179","50,437","52,384","56,342","60,104","59,011","58,683","56,349","56,668","59,351","60,020","63,712","63,157","65,759","64,430","63,549","63,718","63,601","63,095","61,682","61,053","58,502","56,339","54,801","50,691","48,076","45,129","45,413","43,599","41,410","40,940","27,435","21,404","26,184","22,408","22,643","25,958","25,543","24,239","19,682","16,369","16,784","18,933","16,705","15,337","14,421","13,208","12,814","12,239","10,693","9,685","8,164","7,094","6,384","6,154","5,442","4,625","4,259","3,524","3,248","2,772","2,284","1,950","264,541","168,534","96,049","48,174","21,310","7,532",44.9,1.2,18.7,96.2,107.4,64.4,41.7,29.3,21.5,16.9,7.5,2.2,43.7,5.3,45.9,126,75.1,29.2,15.9,8.9,3.4,2.1,0.5,0,6.3
2003,1.27,6.7,32.4,82.2,90,36.3,6.1,0.2,1.09,2.1,1.39,0.62,0.61,10.5,37485,35474,75.261,68.867,92.935,74.307,82.506,77.413,67.499,75.096,74.077,81.138,90.358,108.136,86.388,60.425,77.989,92.637,60.246,94.779,na,74.854,1166900,125200,152200,156200,156100,145800,554300,13700,26400,45900,61600,72600,281900,26300,45900,51600,53800,44200,72800,7900,13400,14000,12900,10100,99300,31300,24500,15900,9900,7100,158600,46000,42000,28800,18000,11900,"3,366,891","36,835","39,859","45,052","44,793","43,364","46,678","48,038","49,829","50,526","51,973","51,449","50,780","52,814","50,111","53,970","48,666","40,623","41,701","42,817","40,267","42,478","41,857","42,956","43,264","44,857","45,077","49,817","49,320","51,304","55,360","59,211","58,195","58,002","55,721","56,175","58,947","59,692","63,439","62,980","65,585","64,314","63,507","63,743","63,602","63,116","61,721","61,099","58,617","56,385","54,969","50,710","48,097","45,205","45,481","43,687","41,528","41,081","27,508","21,492","26,285","22,522","22,820","26,112","25,744","24,526","19,931","16,595","17,032","19,270","17,055","15,714","14,741","13,569","13,268","12,710","10,866","9,858","8,345","7,241","6,553","6,535","5,849","4,968","4,601","3,830","3,550","3,078","2,564","2,196","1,829","248,638","158,755","88,753","45,890","20,107","6,890",47.5,1.5,20.5,101.1,104.4,70.7,42.5,30.8,17.8,19.1,10.8,2.5,45.8,6.3,50.1,125.6,75.2,32.9,14.1,7.9,3.4,2.2,0.6,0.1,6.6
2002,1.37,8,34.6,91.6,96.2,38.2,5.8,0.2,1.19,2.3,1.51,0.67,0.66,11.4,40760,38555,74.896,68.459,92.424,74.558,82.9,77.427,66.245,75.24,74.752,80.315,90.611,106.71,87.881,58.464,74.193,92.419,52.28,93.613,na,74.29,1131500,125400,150000,160300,155000,141200,547300,15600,27400,51900,62400,73700,287500,32000,46100,53100,58000,43600,70600,8500,14600,13800,12400,9900,86100,26900,22800,14300,8800,5000,140000,42500,39100,27200,13400,9000,"3,382,944","37,397","44,671","44,774","43,567","47,389","48,340","49,887","50,830","52,355","51,780","51,045","53,238","50,365","54,153","48,891","40,893","42,035","43,201","40,581","42,977","42,311","43,054","42,779","44,082","44,087","49,057","48,612","50,718","55,102","59,231","58,329","58,343","56,113","56,724","59,675","60,472","64,294","63,922","66,668","65,397","64,601","64,838","64,635","64,097","62,692","62,065","59,431","57,211","55,791","52,240","49,556","46,552","46,767","44,855","42,637","42,170","28,448","22,196","27,072","23,289","23,588","27,015","26,684","25,462","20,689","17,317","17,802","20,058","17,856","16,554","15,604","14,464","14,228","13,635","12,711","11,724","10,121","8,948","7,947","7,090","6,389","5,463","5,111","4,268","3,982","3,505","2,928","2,540","2,123","1,951","251,024","161,437","90,795","44,965","19,752","6,705",46.7,1.8,22,98.5,104.3,73.3,44.8,30.3,23.2,16.5,10.5,3.2,44.1,6.9,51.5,122.8,70.2,33.4,14.8,7.4,3.4,1.8,1,0.1,6.5
2001,1.41,8.4,35.7,96.2,94.9,39.5,6.8,0.2,1.21,2.45,1.51,0.68,0.67,11.8,41451,39281,75.19,68.44,92.006,76.234,83.56,77.463,64.34,76.104,76.804,79.013,92.695,106.95,87.791,57.141,74.459,92.906,51.732,94.031,na,74.531,1095700,129700,145700,161300,155200,132100,545900,18100,30400,57800,67000,72200,276300,36100,47600,54700,53700,38400,67700,10700,14300,11200,12900,8100,84500,27700,21300,14600,8300,5500,121200,37000,32200,23000,13300,7800,"3,325,902","41,768","43,636","42,966","46,841","47,780","49,164","50,347","52,138","51,578","50,850","53,102","50,253","54,021","48,810","40,786","41,986","43,255","40,631","42,965","42,066","42,337","41,571","42,239","41,882","46,607","46,390","48,809","53,271","57,498","56,786","57,048","55,026","55,833","58,928","59,855","63,699","63,474","66,273","65,069","64,363","64,662","64,513","64,049","62,729","62,043","59,466","57,278","55,838","52,335","49,652","46,693","46,919","45,024","42,809","42,397","28,614","22,329","27,281","23,433","23,792","27,304","26,959","25,717","20,962","17,564","18,074","20,401","18,218","16,991","15,992","14,868","14,648","14,119","13,178","12,235","10,565","9,376","8,384","7,431","6,745","5,788","5,433","4,582","4,298","3,796","3,208","2,838","2,365","2,191","1,898","243,639","153,963","84,915","42,414","18,517","6,017",47.4,1.7,23.7,104,98.3,64.5,43.8,30.9,21,15.5,12.1,3,46.8,7.4,54.3,133,69.8,32.4,17.2,8.2,4.2,1.6,0.8,0.2,6.7
2000,1.6,8.8,42.2,110.1,107.9,43.3,7.6,0.2,1.43,2.54,1.59,0.77,0.76,13.7,46997,44765,74.435,68.101,91.668,74.792,83.93,77.373,62.534,76.945,79.162,77.148,93.03,109.492,85.603,54.993,72.023,90.882,47.376,94.324,na,73.741,1061300,131800,143500,154400,151600,128100,517300,19400,32500,51900,64400,68000,255900,31900,43500,52500,49700,36900,91800,17300,18900,15500,15400,10600,91200,28200,21500,15700,10900,6200,105100,35000,27100,18800,11200,6400,"3,273,363","40,813","42,294","46,369","47,518","48,711","49,839","51,680","51,543","50,548","52,964","50,198","53,996","48,572","40,741","41,845","43,394","40,549","43,027","42,082","42,234","40,960","41,303","40,532","44,924","44,517","47,121","51,902","56,383","55,616","56,139","54,326","55,312","58,118","59,333","63,201","63,256","65,754","64,756","64,181","64,674","64,220","63,969","62,721","62,185","59,325","57,317","55,905","52,541","49,610","46,828","47,090","45,306","42,836","42,631","28,794","22,540","27,344","23,597","23,986","27,594","27,150","26,002","21,205","17,847","18,299","20,723","18,597","17,394","16,343","15,248","15,088","14,552","13,611","12,696","11,001","9,833","8,789","7,780","7,079","6,163","5,772","4,882","4,609","4,135","3,478","3,124","2,649","2,468","2,155","1,696","235,296","146,991","80,043","40,399","17,523","5,431",54.7,1.4,28.8,118.3,110.2,71.1,49.8,36.6,30.9,18.1,10.4,2.8,54.8,7.2,66.3,151,84.8,38.4,18,9.7,4.6,1.7,1.1,0.1,7.8
1999,1.47,8.4,37.3,105.1,97.5,38.6,6.4,0.2,1.29,2.41,1.55,0.7,0.7,12.8,43336,41327,73.445,67.74,92.519,72.747,84.393,na,61.883,74.301,na,na,na,112.965,84.835,53.581,70.752,na,na,na,na,na,1058000,134400,149400,152500,150500,126100,552400,24300,40500,57400,70900,71300,269800,41100,51900,53900,50800,37500,72100,14000,14000,14500,11700,7400,69600,23200,18100,10900,7000,4100,94100,31700,24800,15900,10200,5700,"3,229,681","41,427","45,881","47,162","48,506","49,638","51,492","51,343","50,470","52,851","49,993","53,882","48,504","40,670","41,794","43,342","40,565","43,106","42,109","42,180","40,640","40,706","39,532","43,588","43,259","45,946","50,837","55,451","54,825","55,412","53,692","54,722","57,609","58,878","62,790","62,868","65,411","64,389","63,916","64,465","64,109","63,882","62,586","62,130","59,320","57,322","55,937","52,566","49,689","46,895","47,196","45,413","43,007","42,772","28,890","22,656","27,501","23,726","24,165","27,807","27,432","26,270","21,420","18,046","18,586","21,048","18,881","17,713","16,669","15,620","15,507","14,875","14,027","13,083","11,401","10,208","9,226","8,284","7,581","6,643","6,218","5,360","5,058","4,545","3,885","3,498",na,na,na,na,na,"225,461","141,070","77,478","39,527","17,182",na,49.4,1.3,26.9,100.5,101.5,67.2,49.4,32.9,25.9,18,10.2,2.5,47.9,7.6,58.7,123.9,70.5,34.6,16.8,8.5,5,1.3,0.7,0.1,7.1
1998,1.48,7.5,39.7,105.2,96.1,39.8,6.6,0.2,1.27,2.48,1.68,0.72,0.71,13.1,43664,41636,73.428,67.156,94.36,73.68,84.445,na,61.722,74.551,na,na,na,114.494,85.576,51.396,69.713,na,na,na,na,na,1039100,128300,150900,153600,150600,125700,554700,25000,43800,57800,71500,75300,264400,39300,55000,56500,50600,33700,71200,14900,14300,14400,11900,7400,61400,20600,15900,9400,6800,3300,87500,28400,21800,15400,9900,6000,"3,180,018","44,961","46,593","48,083","49,281","51,154","51,054","50,297","52,632","49,729","53,728","48,404","40,563","41,699","43,261","40,516","43,085","42,111","42,183","40,559","40,344","38,832","42,444","41,962","44,549","49,473","54,190","53,683","54,252","52,612","53,780","56,800","58,093","62,135","62,200","64,875","63,867","63,527","64,172","63,917","63,726","62,366","62,011","59,263","57,237","55,879","52,541","49,687","46,928","47,221","45,487","43,101","42,890","28,985","22,732","27,632","23,849","24,321","28,003","27,672","26,490","21,625","18,252","18,826","21,322","19,154","17,990","16,993","15,973","15,899","15,263","14,422","13,470","11,786","10,568","9,609","8,749","8,091","7,107","6,679","5,797","5,511","4,985","4,319","3,882","3,398",na,na,na,na,na,"217,222","135,104","75,248","38,826","16,731",na,56.7,1.2,33.2,119.1,110.7,77.2,47.4,35.5,25.9,14.7,10.9,3.1,58.4,6.6,75.2,149.1,82.2,40.1,19.6,9.9,5.3,1.6,0.9,0.2,8.1
1997,1.61,6.8,42,116.9,107.3,41.7,7,0.2,1.44,2.47,1.71,0.77,0.77,14.5,47333,45356,73.627,66.993,95.675,71.833,84.138,na,59.531,78.553,na,na,na,118.842,88.87,48.951,68.544,na,na,na,na,na,1005200,129700,149500,151200,142200,120900,563700,26800,48800,63900,76500,76000,248300,44200,54400,54000,42100,29700,68000,16500,14600,12800,10500,6600,49500,17500,12000,7800,4400,3400,75500,24700,19800,12700,8600,5300,"3,123,403","45,693","47,462","48,820","50,711","50,574","50,003","52,286","49,351","53,473","48,198","40,370","41,536","43,098","40,401","42,985","42,041","42,177","40,573","40,228","38,409","41,724","41,002","43,308","48,004","52,726","52,321","52,908","51,298","52,516","55,726","57,089","61,208","61,303","64,028","63,145","63,014","63,785","63,583","63,426","62,135","61,790","59,141","57,116","55,770","52,442","49,659","46,899","47,215","45,474","43,178","42,995","29,059","22,802","27,764","23,957","24,463","28,146","27,895","26,685","21,814","18,448","19,074","21,609","19,384","18,252","17,285","16,303","16,260","15,671","14,805","13,843","12,179","10,915","9,993","9,246","8,582","7,534","7,152","6,233","5,941","5,471","4,711","4,259","3,806","3,611",na,na,na,na,na,"209,736","129,412","73,236","37,795","15,936",na,53.2,1.5,28,110.1,113.4,72.2,52,34.6,21.9,13.8,8,2.9,52.6,7,65.4,137.3,74,35.7,19,8.2,3.6,1.3,0.7,0.1,7.7
1996,1.66,6.8,44.8,122.8,108.5,42.6,7,0.2,1.5,2.52,1.74,0.8,0.79,15.2,48577,46707,72.167,65.659,94.868,69.791,84.266,na,57.666,75.093,na,na,na,121.615,89.727,47.624,67.647,na,na,na,na,na,977300,128300,153600,151800,138200,115100,544400,26400,52700,63100,76100,74800,250700,46600,57300,58300,41200,26400,65100,15800,13700,12300,8900,6200,48000,16000,11200,7200,4800,3500,69100,23500,18800,11000,7200,4200,"3,068,132","46,690","48,321","50,272","50,159","49,707","51,952","48,974","53,204","47,997","40,143","41,329","42,901","40,302","42,857","41,932","42,137","40,589","40,222","38,227","41,205","40,308","42,336","46,823","51,325","50,973","51,550","50,012","51,230","54,586","56,104","60,302","60,510","63,273","62,478","62,531","63,361","63,301","63,164","61,854","61,585","59,020","57,036","55,660","52,352","49,618","46,857","47,203","45,466","43,182","43,061","29,119","22,853","27,863","24,051","24,611","28,280","28,061","26,864","21,967","18,580","19,270","21,840","19,634","18,516","17,529","16,616","16,600","16,008","15,165","14,200","12,515","11,255","10,360","9,723","9,105","7,947","7,635","6,703","6,412","5,961","5,182","4,695","4,226","4,013","3,634",na,na,na,na,na,"202,912","124,323","71,365","36,708","14,957",na,54.6,1.2,29.3,113.1,108,70.8,54.8,35.2,19,16.6,11.1,3.2,54.9,7.5,70.1,135.7,76.5,37.3,16.9,8.3,3.3,2.6,0.6,0.1,8.1
1995,1.67,6.6,46.9,125.6,107.4,41.3,6.5,0.2,1.51,2.51,1.71,0.8,0.8,15.6,48635,46916,71.185,64.301,94.326,69.148,83.769,na,56.566,74.727,na,na,na,122.336,88.65,45.561,66.743,na,na,na,na,na,944300,121300,148300,149600,130300,106200,531000,27800,51300,64200,69600,67200,246200,43800,56100,53600,42700,26100,72700,17900,16200,14900,9200,6800,40200,13400,10000,7400,3500,2900,54300,18400,14700,9400,5400,3200,"3,013,515","47,566","49,789","49,690","49,401","51,644","48,595","53,006","47,811","39,988","41,185","42,735","40,179","42,754","41,844","42,073","40,600","40,238","38,252","40,992","39,817","41,429","45,802","50,178","49,730","50,286","48,814","50,045","53,516","55,224","59,412","59,647","62,482","61,760","61,998","62,937","62,915","62,846","61,481","61,357","58,836","56,854","55,503","52,248","49,577","46,814","47,174","45,451","43,201","43,088","29,172","22,886","27,948","24,138","24,705","28,390","28,232","27,000","22,112","18,737","19,450","22,078","19,837","18,724","17,789","16,900","16,901","16,323","15,490","14,556","12,822","11,617","10,777","10,217","9,595","8,392","8,133","7,168","6,871","6,432","5,576","5,137","4,648","4,436","4,078","3,391",na,na,na,na,na,"196,671","120,580","69,983","35,805","14,116",na,54.7,1.4,29.5,107.9,110.7,77.9,55.8,39,23.6,18.4,9,2.4,56.1,7.9,71,134.2,77.6,38.8,16.7,9.9,3.2,1.3,0.4,0.2,8.2
1994,1.71,7.4,46.9,129.2,109.2,42.6,6.7,0.1,1.54,2.54,1.81,0.83,0.82,16.2,49554,48075,69.978,62.855,92.928,68.477,80.056,na,55.748,73.989,na,na,na,125.369,87.776,43.789,65.856,na,na,na,na,na,922600,130000,147700,145100,123300,94100,549700,36100,55500,69300,72800,65000,230800,49600,57600,51400,35000,19800,59300,15900,13900,11500,6900,4500,33200,11100,7900,5000,3200,2000,49600,17300,12800,7900,5300,2700,"2,959,350","49,125","49,276","49,062","51,354","48,205","52,742","47,634","39,839","41,032","42,577","40,074","42,654","41,739","41,998","40,567","40,229","38,308","40,963","39,599","40,902","44,932","49,094","48,500","49,051","47,676","48,971","52,482","54,392","58,553","58,865","61,714","61,114","61,453","62,501","62,553","62,533","61,139","61,115","58,640","56,707","55,332","52,135","49,514","46,703","47,099","45,404","43,191","43,111","29,187","22,870","28,002","24,164","24,771","28,490","28,383","27,175","22,229","18,841","19,607","22,276","20,039","18,942","18,016","17,138","17,173","16,596","15,862","14,900","13,121","11,960","11,121","10,645","10,051","8,850","8,616","7,615","7,335","6,944","5,980","5,532","5,036","4,863","4,520","3,789","3,252",na,na,na,na,na,"189,695","117,256","67,973","34,567","13,107",na,55.3,1.6,29.4,108.3,106.1,78.5,52.7,40.2,26.9,23.2,9.7,3.3,57.4,8.8,72,132.8,74.5,38.3,17.9,10.9,3.3,1.5,0.6,0.1,8.6
1993,1.74,8.3,49.8,130,108.8,43.6,7.2,0.2,1.55,2.62,1.94,0.84,0.83,16.8,50225,48739,67.878,60.707,90.824,67.547,79.315,na,54.229,68.75,na,na,na,125.22,86.696,42.421,64.044,na,na,na,na,na,892900,126800,144300,139400,123000,87000,547300,40100,57500,70200,73100,62300,217400,47300,55700,47400,34200,16400,55700,13600,13500,10800,8200,3900,28000,10000,6200,4400,2600,1500,44500,15800,11500,6600,4900,2900,"2,904,547","48,702","48,695","51,074","47,827","52,473","47,438","39,655","40,884","42,399","39,984","42,517","41,600","41,877","40,521","40,184","38,328","40,981","39,570","40,747","44,458","48,214","47,462","47,883","46,463","47,846","51,449","53,513","57,730","58,061","61,036","60,428","60,899","62,022","62,176","62,207","60,856","60,819","58,384","56,547","55,173","52,004","49,396","46,619","47,015","45,284","43,148","43,134","29,155","22,838","28,057","24,197","24,842","28,590","28,480","27,291","22,325","18,943","19,741","22,457","20,213","19,135","18,230","17,387","17,422","16,889","16,190","15,225","13,387","12,268","11,451","11,096","10,488","9,276","9,069","8,059","7,765","7,389","6,387","5,954","5,474","5,298","4,950","4,172","3,633","2,898",na,na,na,na,na,"182,678","114,157","66,170","33,202","12,252",na,56.7,1.3,32.5,113.7,108.9,79.5,50.4,38.5,25.6,14.4,7.7,2.3,59,10.1,78.8,133.5,74.4,36.7,17.5,9.2,3.7,1.2,0.4,0.1,8.9
1992,1.72,7.9,52.1,128.4,107.2,41.7,6.7,0.2,1.53,2.61,1.9,0.83,0.82,16.8,49402,47907,66.357,60.127,89.624,65.162,78.07,na,52.517,66.741,na,na,na,126.205,85.163,40.691,60.027,na,na,na,na,na,875900,137100,143500,134500,116600,78400,543400,45100,56600,70700,71600,58200,215400,55300,57100,44100,32200,12700,53200,14100,13600,9500,7000,3700,26900,9200,6000,4100,2600,1800,37100,13400,10100,6200,3200,1900,"2,849,754","48,136","50,712","47,448","52,204","47,251","39,472","40,737","42,242","39,879","42,394","41,473","41,742","40,471","40,148","38,336","40,990","39,619","40,755","44,315","47,652","46,403","46,624","45,116","46,470","50,192","52,545","56,776","57,252","60,258","59,659","60,271","61,563","61,809","61,874","60,511","60,488","58,098","56,299","54,986","51,817","49,260","46,513","46,905","45,237","43,086","43,105","29,144","22,845","28,080","24,211","24,865","28,646","28,593","27,395","22,402","19,030","19,883","22,620","20,385","19,309","18,458","17,603","17,694","17,153","16,485","15,550","13,665","12,536","11,761","11,494","10,920","9,683","9,497","8,480","8,207","7,878","6,849","6,375","5,932","5,767","5,366","4,559","3,981","3,214","2,911",na,na,na,na,na,"175,856","110,851","64,064","31,262","11,231",na,55.5,1.4,35.4,109.4,107.6,77.5,51.2,33.9,22.7,13.6,9.1,3,61.5,10.8,84.7,138,76.4,37.4,15.6,8.8,3.8,1.3,0.6,0.1,8.7
1991,1.73,8.4,53.5,129.2,106.8,41.7,6.5,0.3,1.54,2.63,1.84,0.84,0.83,17.1,49114,47805,64.901,59.412,87.501,63.528,76.266,na,51.246,64.685,na,na,na,126.205,83.199,38.204,58.074,na,na,na,na,na,847800,135600,143300,127700,114500,71300,540100,47900,60700,70200,73200,54900,205300,54300,55800,40800,30200,10700,50100,13600,14300,9200,5800,2600,21000,7300,5100,2800,1900,1700,31400,12600,7400,4700,3400,1600,"2,794,704","50,338","47,079","51,862","47,022","39,218","40,526","42,043","39,738","42,196","41,305","41,571","40,331","40,038","38,289","40,926","39,627","40,801","44,351","47,528","45,850","45,520","43,919","45,136","48,714","51,370","55,678","56,279","59,400","58,864","59,618","60,981","61,327","61,468","60,102","60,144","57,789","56,023","54,737","51,568","49,074","46,358","46,742","45,112","42,957","43,041","29,082","22,785","28,082","24,188","24,868","28,713","28,695","27,476","22,487","19,119","19,955","22,817","20,540","19,468","18,618","17,843","17,899","17,374","16,781","15,831","13,925","12,777","12,057","11,905","11,323","10,072","9,899","8,905","8,667","8,326","7,248","6,789","6,373","6,229","5,837","4,990","4,387","3,559","3,238","2,683",na,na,na,na,na,"169,526","107,538","61,670","29,195","10,339",na,52.2,1.2,35.1,107.6,96.4,68.5,41.6,28.3,18.1,10.1,6.3,1.8,59.2,11,84.8,133,69.1,36.6,14.7,6.7,3.6,0.8,0.3,0.1,8.6
1990,1.83,8.3,58.7,136,110.8,44.3,7.4,0.1,1.65,2.69,1.89,0.88,0.87,18.2,51142,49787,62.743,58.489,85.986,62.102,75.765,na,47.407,60.144,na,na,na,125.254,80.047,34.469,54.662,na,na,na,na,na,811500,139400,143500,123900,100700,63300,535200,51000,66600,73000,68900,50500,191800,60700,54000,36500,22600,8500,36700,10500,11100,7100,4200,1600,18900,6400,4400,2600,2100,1300,28900,10900,7400,4700,3000,1400,"2,735,868","46,645","51,491","46,706","38,982","40,225","41,755","39,527","41,980","41,064","41,302","40,102","39,856","38,159","40,798","39,561","40,762","44,386","47,530","45,683","44,944","42,933","43,998","47,395","50,151","54,510","55,224","58,511","58,014","58,851","60,340","60,759","60,911","59,613","59,700","57,340","55,643","54,317","51,185","48,735","46,113","46,489","44,896","42,773","42,946","28,959","22,666","28,045","24,139","24,846","28,743","28,746","27,549","22,554","19,179","20,064","22,953","20,695","19,645","18,771","18,038","18,138","17,617","17,024","16,074","14,168","13,045","12,343","12,281","11,747","10,480","10,300","9,283","9,103","8,742","7,619","7,201","6,776","6,668","6,263","5,428","4,771","3,908","3,589","3,004","2,254",na,na,na,na,na,"164,450","104,554","59,507","27,171","9,645",na,52.6,1,37.9,100.7,100.4,75.1,62.1,42,32.7,16.1,8.2,2.5,60.1,10.7,88.5,114.4,76.7,35.8,20.3,8.6,3.4,0.9,0.7,0.1,8.7
1989,1.75,7.2,59.7,129.7,104.5,42.1,7.6,0.2,1.56,2.62,1.92,0.85,0.83,17.5,47669,46361,60.65,58.039,85.249,57.913,73.265,na,45.163,55.494,na,na,na,122.449,78.596,31.843,52.867,na,na,na,na,na,,,,,,,,,,,,,,,,,,,,,,,,,,,,,,,,,,,,,,,,,,,,,,,,,,,,,,,,,,,,,,,,,,,,,,,,,,,,,,,,,,,,,,,,,,,,,,,,,,,,,,,,,,,,,,,,,,,,,,,,,,,,,,,,,,,,,,56,0.8,38.8,112.1,111.7,77.1,59.5,32.5,24.6,13.9,12.9,2.2,65.3,10.8,94.6,130.2,76.7,38.1,20.7,7.9,3.6,1.2,0.6,0.2,9.3
1988,1.96,7.3,65,147.5,118.9,44.9,7.4,0,1.84,2.51,1.89,0.95,0.93,19.8,52957,51537,59.29,57.382,83.712,56.9,72.102,na,44.16,52.737,na,na,na,116.846,76.565,30.216,51.188,na,na,na,na,na,,,,,,,,,,,,,,,,,,,,,,,,,,,,,,,,,,,,,,,,,,,,,,,,,,,,,,,,,,,,,,,,,,,,,,,,,,,,,,,,,,,,,,,,,,,,,,,,,,,,,,,,,,,,,,,,,,,,,,,,,,,,,,,,,,,,,,53.3,1,37.9,104.1,107.8,87.7,61.1,45.9,31,13.2,9.3,2.6,62.3,11.9,87.9,124.3,74.3,37.8,19.3,9.2,2.8,0.9,0.8,0.1,8.9
1987,1.62,7.7,59.7,124.8,92.5,33.5,5.9,0.2,1.46,2.34,1.76,0.78,0.77,16.6,43616,42362,58.401,56.595,80.951,56.905,71.2,na,43.247,52.2,na,na,na,116.846,74.461,28.268,50.329,na,na,na,na,na,,,,,,,,,,,,,,,,,,,,,,,,,,,,,,,,,,,,,,,,,,,,,,,,,,,,,,,,,,,,,,,,,,,,,,,,,,,,,,,,,,,,,,,,,,,,,,,,,,,,,,,,,,,,,,,,,,,,,,,,,,,,,,,,,,,,,,45.6,1,35.8,87.3,92.5,70.4,60.6,37.7,21.1,20.1,10.2,2.2,52.6,12.4,77.5,94.1,59.2,31.9,17.3,9.3,3.7,0.9,0.4,0.1,7.7
1986,1.43,8.6,60.4,110.1,74.4,28.4,4.7,0.2,1.25,2.22,1.73,0.69,0.68,14.8,38379,37159,58.12,56.684,80.644,57.788,70.768,na,42.755,51.612,na,na,na,116.512,73.6,27.459,47.754,na,na,na,na,na,,,,,,,,,,,,,,,,,,,,,,,,,,,,,,,,,,,,,,,,,,,,,,,,,,,,,,,,,,,,,,,,,,,,,,,,,,,,,,,,,,,,,,,,,,,,,,,,,,,,,,,,,,,,,,,,,,,,,,,,,,,,,,,,,,,,,,54.3,1.2,43.8,110.3,109.8,83.2,54.5,45.8,17.3,12.4,9,2.1,62.5,15.2,95.5,111.8,62.6,33.4,18.5,7.2,3.3,1.1,0.2,0.1,9.2
1985,1.61,9.6,68,123.9,85.6,31.1,4.5,0.2,1.46,2.28,1.79,0.78,0.76,16.6,42484,41100,58.933,57.541,82.532,59.136,70.68,na,42.909,53.6,na,na,na,122.184,72.897,25.647,47.563,na,na,na,na,na,,,,,,,,,,,,,,,,,,,,,,,,,,,,,,,,,,,,,,,,,,,,,,,,,,,,,,,,,,,,,,,,,,,,,,,,,,,,,,,,,,,,,,,,,,,,,,,,,,,,,,,,,,,,,,,,,,,,,,,,,,,,,,,,,,,,,,57.7,1.5,44.7,122.2,130.7,103.3,65.1,48.3,26.6,17,11.7,1.9,66.3,15.6,101.6,124.3,68.1,41.3,16.7,8.4,2.8,1.2,0.6,0.1,9.8
1984,1.62,10.3,68.6,124.2,83,32.1,4.9,0.2,1.46,2.27,1.84,0.77,0.76,16.5,41556,40200,58.645,58.227,84.674,57.137,70.492,na,42.312,50.863,na,na,na,139.199,72.938,24.83,46.786,na,na,na,na,na,,,,,,,,,,,,,,,,,,,,,,,,,,,,,,,,,,,,,,,,,,,,,,,,,,,,,,,,,,,,,,,,,,,,,,,,,,,,,,,,,,,,,,,,,,,,,,,,,,,,,,,,,,,,,,,,,,,,,,,,,,,,,,,,,,,,,,46.9,1.4,38.8,104.9,112.1,84.8,59.4,46,24.1,15.4,4.1,na,56.4,15.7,85.1,104.5,63.6,36.8,19.1,9.6,3.3,1.5,0.2,na,9
1983,1.61,10.4,72.4,125.5,79.9,29.5,3.9,0.2,1.47,2.21,1.83,0.77,0.76,16.3,40585,39300,57.157,57.352,85.02,55.202,70.402,na,37.824,48.739,na,na,na,139.199,72.242,23.578,43.427,na,na,na,na,na,,,,,,,,,,,,,,,,,,,,,,,,,,,,,,,,,,,,,,,,,,,,,,,,,,,,,,,,,,,,,,,,,,,,,,,,,,,,,,,,,,,,,,,,,,,,,,,,,,,,,,,,,,,,,,,,,,,,,,,,,,,,,,,,,,,,,,54.5,1.6,46,126.3,131.2,122.2,87.3,58.9,31.1,28.7,5.8,na,63.9,17.2,100.4,119.5,75.9,47.8,23.7,11.3,3,1.9,0.3,na,9.7
1982,1.74,11.4,80.2,136.4,84.5,31,4.9,0.3,1.62,2.27,1.93,0.83,0.82,17.5,42654,41300,56.57,57.247,85.067,54.741,69.64,na,35.044,48.178,na,na,na,139.199,72.079,22.9,41.335,na,na,na,na,na,,,,,,,,,,,,,,,,,,,,,,,,,,,,,,,,,,,,,,,,,,,,,,,,,,,,,,,,,,,,,,,,,,,,,,,,,,,,,,,,,,,,,,,,,,,,,,,,,,,,,,,,,,,,,,,,,,,,,,,,,,,,,,,,,,,,,,58.4,1.6,51.8,138,143.8,123.3,94.6,60.4,38.8,34.2,6.7,na,68.7,17.8,109.5,139.7,77.7,50.1,26.2,14.4,3.8,3.2,0.2,na,10.6
1981,1.78,11.8,84.2,141.2,84.2,29.3,5.5,0.4,1.67,2.25,1.97,0.86,0.84,17.6,42250,41000,54.437,54.563,84.703,52.79,68.291,na,33.277,46.887,na,na,na,139.199,71.243,22.489,39.245,na,na,na,na,na,,,,,,,,,,,,,,,,,,,,,,,,,,,,,,,,,,,,,,,,,,,,,,,,,,,,,,,,,,,,,,,,,,,,,,,,,,,,,,,,,,,,,,,,,,,,,,,,,,,,,,,,,,,,,,,,,,,,,,,,,,,,,,,,,,,,,,54.9,1.7,49.9,140.1,138,106.3,62.8,42.3,25.8,18.6,4.7,na,67.3,18.4,110.5,136.5,74.3,43.6,22,9.2,2.6,2.1,0.3,na,9.8
1980,1.82,12.7,84.9,144.5,87.8,28,5.8,0.5,1.73,2.2,2.03,0.88,0.86,17.6,41217,40100,50.317,49.687,83.202,50.156,65.815,na,31.315,42.146,na,na,na,139.199,65.411,21.133,36.505,na,na,na,na,na,,,,,,,,,,,,,,,,,,,,,,,,,,,,,,,,,,,,,,,,,,,,,,,,,,,,,,,,,,,,,,,,,,,,,,,,,,,,,,,,,,,,,,,,,,,,,,,,,,,,,,,,,,,,,,,,,,,,,,,,,,,,,,,,,,,,,,,,,,,,,,,,,,,,,,,,,,,,,,
1979,1.79,11.4,85.1,139.3,88.4,27.5,5.5,na,1.77,1.84,1.88,0.85,0.82,17.1,40779,na,46.358,45.815,81.671,44.134,62.184,na,29.245,36.872,na,na,na,139.199,63.459,19.506,33.59,na,na,na,na,na,,,,,,,,,,,,,,,,,,,,,,,,,,,,,,,,,,,,,,,,,,,,,,,,,,,,,,,,,,,,,,,,,,,,,,,,,,,,,,,,,,,,,,,,,,,,,,,,,,,,,,,,,,,,,,,,,,,,,,,,,,,,,,,,,,,,,,,,,,,,,,,,,,,,,,,,,,,,,,
1978,1.79,11.8,86.8,140.9,86.8,26.7,5.3,na,1.78,1.83,1.79,0.87,0.84,16.8,39441,na,44.573,44.696,78.886,41.998,59.579,na,28.204,33.54,na,na,na,137.824,60.518,18.685,33.142,na,na,na,na,na,,,,,,,,,,,,,,,,,,,,,,,,,,,,,,,,,,,,,,,,,,,,,,,,,,,,,,,,,,,,,,,,,,,,,,,,,,,,,,,,,,,,,,,,,,,,,,,,,,,,,,,,,,,,,,,,,,,,,,,,,,,,,,,,,,,,,,,,,,,,,,,,,,,,,,,,,,,,,,
1977,1.82,13.4,90.3,138.9,85.2,28.7,6.9,na,1.81,1.87,1.7,0.88,0.85,16.5,38364,na,42.831,42.295,77.418,42.009,58.486,na,27.051,31.851,na,na,na,133.733,56.399,17.751,32.032,na,na,na,na,na,,,,,,,,,,,,,,,,,,,,,,,,,,,,,,,,,,,,,,,,,,,,,,,,,,,,,,,,,,,,,,,,,,,,,,,,,,,,,,,,,,,,,,,,,,,,,,,,,,,,,,,,,,,,,,,,,,,,,,,,,,,,,,,,,,,,,,,,,,,,,,,,,,,,,,,,,,,,,,
1976,2.11,16.2,107.2,160.2,95.9,33.8,8.1,na,2.15,1.93,1.84,1.02,0.98,18.7,42783,na,41.508,40.275,76.288,41.541,57.343,na,26.625,31.662,na,na,na,133.733,56.407,17.418,31.313,na,na,na,na,na,,,,,,,,,,,,,,,,,,,,,,,,,,,,,,,,,,,,,,,,,,,,,,,,,,,,,,,,,,,,,,,,,,,,,,,,,,,,,,,,,,,,,,,,,,,,,,,,,,,,,,,,,,,,,,,,,,,,,,,,,,,,,,,,,,,,,,,,,,,,,,,,,,,,,,,,,,,,,,
1975,2.07,16.8,102.1,154.5,94.9,36.3,10,na,2.06,2.12,1.95,1,0.97,17.7,39948,na,42.311,42.929,75.768,38.923,57.854,na,25.926,30.354,na,na,na,133.733,56.304,17.269,30.596,na,na,na,na,na,,,,,,,,,,,,,,,,,,,,,,,,,,,,,,,,,,,,,,,,,,,,,,,,,,,,,,,,,,,,,,,,,,,,,,,,,,,,,,,,,,,,,,,,,,,,,,,,,,,,,,,,,,,,,,,,,,,,,,,,,,,,,,,,,,,,,,,,,,,,,,,,,,,,,,,,,,,,,,
1974,2.35,20.8,118.9,172.2,102.9,42.6,12.7,na,2.33,2.46,2.3,1.13,1.09,19.4,43268,na,41.247,42.481,76.778,36.361,55.399,na,24.341,29.12,na,na,na,133.733,55.754,16.919,28.354,na,na,na,na,na,,,,,,,,,,,,,,,,,,,,,,,,,,,,,,,,,,,,,,,,,,,,,,,,,,,,,,,,,,,,,,,,,,,,,,,,,,,,,,,,,,,,,,,,,,,,,,,,,,,,,,,,,,,,,,,,,,,,,,,,,,,,,,,,,,,,,,,,,,,,,,,,,,,,,,,,,,,,,,
1973,2.79,24.2,130.5,199.5,128.4,57.6,17.4,na,2.79,2.88,2.61,1.35,1.3,22,48269,na,33.708,33.829,69.726,31.854,44.184,na,20.739,20.742,na,na,na,133.733,51.544,16.152,24.676,na,na,na,na,na,,,,,,,,,,,,,,,,,,,,,,,,,,,,,,,,,,,,,,,,,,,,,,,,,,,,,,,,,,,,,,,,,,,,,,,,,,,,,,,,,,,,,,,,,,,,,,,,,,,,,,,,,,,,,,,,,,,,,,,,,,,,,,,,,,,,,,,,,,,,,,,,,,,,,,,,,,,,,,
1972,3.04,25.3,137.4,218,139.2,66.1,20.9,na,3,3.26,3.08,1.47,1.42,23.1,49678,na,28.18,25.286,59.849,30.791,38.773,na,20.167,20.655,na,na,na,133.733,50.616,15.692,22.362,na,na,na,na,na,,,,,,,,,,,,,,,,,,,,,,,,,,,,,,,,,,,,,,,,,,,,,,,,,,,,,,,,,,,,,,,,,,,,,,,,,,,,,,,,,,,,,,,,,,,,,,,,,,,,,,,,,,,,,,,,,,,,,,,,,,,,,,,,,,,,,,,,,,,,,,,,,,,,,,,,,,,,,,
1971,3.02,25.6,138.3,212.6,137.6,68.5,21.9,na,2.98,3.25,3.14,1.46,1.41,22.3,47088,na,27.589,24.681,58.774,30.312,38.384,na,20.417,20.648,na,na,na,133.733,50.421,15.632,21.607,na,na,na,na,na,,,,,,,,,,,,,,,,,,,,,,,,,,,,,,,,,,,,,,,,,,,,,,,,,,,,,,,,,,,,,,,,,,,,,,,,,,,,,,,,,,,,,,,,,,,,,,,,,,,,,,,,,,,,,,,,,,,,,,,,,,,,,,,,,,,,,,,,,,,,,,,,,,,,,,,,,,,,,,
1970,3.07,25.9,139,208.8,138,74.5,26.7,na,3,3.45,3.15,1.49,1.42,22.1,45934,na,27.079,24.129,57.222,29.648,38.014,na,20.454,20.652,na,na,na,133.733,49.124,15.82,21.47,na,na,na,na,na,,,,,,,,,,,,,,,,,,,,,,,,,,,,,,,,,,,,,,,,,,,,,,,,,,,,,,,,,,,,,,,,,,,,,,,,,,,,,,,,,,,,,,,,,,,,,,,,,,,,,,,,,,,,,,,,,,,,,,,,,,,,,,,,,,,,,,,,,,,,,,,,,,,,,,,,,,,,,,
1969,3.22,27.1,150.1,227.8,134.3,75.2,29.4,na,3.05,3.78,4.58,1.56,1.43,21.8,44562,na,26.989,24.25,56.929,29.432,37.335,na,20.454,20.675,na,na,na,133.733,49.124,15.499,20.683,na,na,na,na,na,,,,,,,,,,,,,,,,,,,,,,,,,,,,,,,,,,,,,,,,,,,,,,,,,,,,,,,,,,,,,,,,,,,,,,,,,,,,,,,,,,,,,,,,,,,,,,,,,,,,,,,,,,,,,,,,,,,,,,,,,,,,,,,,,,,,,,,,,,,,,,,,,,,,,,,,,,,,,,
1968,3.53,30.9,165.8,236.6,152,85.2,35.3,na,3.29,4.52,4.77,1.72,1.58,23.5,47241,na,27.058,24.725,55.737,28.789,37.507,na,18.881,20.632,na,na,na,133.733,49.124,15.179,19.993,na,na,na,na,na,,,,,,,,,,,,,,,,,,,,,,,,,,,,,,,,,,,,,,,,,,,,,,,,,,,,,,,,,,,,,,,,,,,,,,,,,,,,,,,,,,,,,,,,,,,,,,,,,,,,,,,,,,,,,,,,,,,,,,,,,,,,,,,,,,,,,,,,,,,,,,,,,,,,,,,,,,,,,,
1967,3.91,35.8,195.8,244.7,166.7,95.9,42.9,na,3.59,5.29,5.62,1.91,1.75,25.6,50560,na,26.874,24.68,55.424,28.445,36.767,na,18.604,20.632,na,na,na,133.733,49.124,15.42,19.29,na,na,na,na,na,,,,,,,,,,,,,,,,,,,,,,,,,,,,,,,,,,,,,,,,,,,,,,,,,,,,,,,,,,,,,,,,,,,,,,,,,,,,,,,,,,,,,,,,,,,,,,,,,,,,,,,,,,,,,,,,,,,,,,,,,,,,,,,,,,,,,,,,,,,,,,,,,,,,,,,,,,,,,,
1966,4.46,33,218.5,261.2,202,124.8,51.7,na,4.08,6.14,6.61,2.17,1.97,28.3,54680,na,26.028,23.565,55.315,27.748,34.577,na,18.604,20.612,na,na,na,133.733,49.124,15.701,19.204,na,na,na,na,na,,,,,,,,,,,,,,,,,,,,,,,,,,,,,,,,,,,,,,,,,,,,,,,,,,,,,,,,,,,,,,,,,,,,,,,,,,,,,,,,,,,,,,,,,,,,,,,,,,,,,,,,,,,,,,,,,,,,,,,,,,,,,,,,,,,,,,,,,,,,,,,,,,,,,,,,,,,,,,
1965,4.66,35.9,227.1,259.5,216.2,138.1,54.9,na,4.31,6.31,6.69,2.27,2.08,29.5,55725,na,25.513,22.926,54.39,27.908,32.343,na,18.604,20.608,na,na,na,133.733,49.124,15.218,18.91,na,na,na,na,na,,,,,,,,,,,,,,,,,,,,,,,,,,,,,,,,,,,,,,,,,,,,,,,,,,,,,,,,,,,,,,,,,,,,,,,,,,,,,,,,,,,,,,,,,,,,,,,,,,,,,,,,,,,,,,,,,,,,,,,,,,,,,,,,,,,,,,,,,,,,,,,,,,,,,,,,,,,,,,
1964,4.97,38.3,240,277.6,226.7,147.7,62.8,na,4.6,6.78,7.06,2.42,2.22,31.6,58217,na,25.448,23.034,53.723,27.401,31.574,na,18.604,20.608,na,na,na,96.585,49.124,15.578,18.586,na,na,na,na,na,,,,,,,,,,,,,,,,,,,,,,,,,,,,,,,,,,,,,,,,,,,,,,,,,,,,,,,,,,,,,,,,,,,,,,,,,,,,,,,,,,,,,,,,,,,,,,,,,,,,,,,,,,,,,,,,,,,,,,,,,,,,,,,,,,,,,,,,,,,,,,,,,,,,,,,,,,,,,,
1963,5.16,45.7,249,287.2,228.7,156.1,64.9,na,4.83,6.75,6.9,2.51,2.3,33.2,59530,na,25.033,22.468,53.415,26.907,31.498,na,18.604,20.539,na,na,na,89.155,49.077,15.412,18.823,na,na,na,na,na,,,,,,,,,,,,,,,,,,,,,,,,,,,,,,,,,,,,,,,,,,,,,,,,,,,,,,,,,,,,,,,,,,,,,,,,,,,,,,,,,,,,,,,,,,,,,,,,,,,,,,,,,,,,,,,,,,,,,,,,,,,,,,,,,,,,,,,,,,,,,,,,,,,,,,,,,,,,,,
1962,5.21,52,245.5,291.7,231.5,156.2,65.1,na,4.92,6.63,6.96,2.53,2.31,33.7,58977,na,24.513,21.674,53.59,26.849,32.154,na,18.612,20.522,na,na,na,89.155,49.124,14.93,18.826,na,na,na,na,na,,,,,,,,,,,,,,,,,,,,,,,,,,,,,,,,,,,,,,,,,,,,,,,,,,,,,,,,,,,,,,,,,,,,,,,,,,,,,,,,,,,,,,,,,,,,,,,,,,,,,,,,,,,,,,,,,,,,,,,,,,,,,,,,,,,,,,,,,,,,,,,,,,,,,,,,,,,,,,
1961,5.41,63.4,241.1,304.9,238.4,168.9,64.8,na,5.2,6.42,6.96,2.63,2.41,35.2,59930,na,24.401,21.522,53.847,26.688,32.11,na,18.604,20.537,na,na,na,89.155,49.124,14.874,18.833,na,na,na,na,na,,,,,,,,,,,,,,,,,,,,,,,,,,,,,,,,,,,,,,,,,,,,,,,,,,,,,,,,,,,,,,,,,,,,,,,,,,,,,,,,,,,,,,,,,,,,,,,,,,,,,,,,,,,,,,,,,,,,,,,,,,,,,,,,,,,,,,,,,,,,,,,,,,,,,,,,,,,,,,